ags5,Regionalbezeichnung,Kreis/Stadt,NUTS3,Flaeche,insgesamt,männlich,weiblich,je km2
01001,Kreisfreie Stadt,"Flensburg, Stadt",DEF01,"    56,73",   89 934,   44 797,   45 137,   1 585
01002,Kreisfreie Stadt,"Kiel, Landeshauptstadt",DEF02,"    118,65",   246 601,   120 045,   126 556,   2 078
01003,Kreisfreie Stadt,"Lübeck, Hansestadt",DEF03,"    214,19",   215 846,   103 623,   112 223,   1 008
01004,Kreisfreie Stadt,"Neumünster, Stadt",DEF04,"    71,66",   79 905,   39 558,   40 347,   1 115
01051,Kreis,Dithmarschen,DEF05,"   1 428,17",   133 251,   65 711,   67 540,    93
01053,Kreis,Herzogtum Lauenburg,DEF06,"   1 263,07",   199 152,   97 730,   101 422,    158
01054,Kreis,Nordfriesland,DEF07,"   2 083,56",   167 147,   81 789,   85 358,    80
01055,Kreis,Ostholstein,DEF08,"   1 393,02",   201 487,   97 171,   104 316,    145
01056,Kreis,Pinneberg,DEF09,"    664,25",   317 085,   155 554,   161 531,    477
01057,Kreis,Plön,DEF0A,"   1 083,56",   129 353,   62 674,   66 679,    119
01058,Kreis,Rendsburg-Eckernförde,DEF0B,"   2 189,79",   274 765,   135 219,   139 546,    125
01059,Kreis,Schleswig-Flensburg,DEF0C,"   2 071,28",   202 647,   100 209,   102 438,    98
01060,Kreis,Segeberg,DEF0D,"   1 344,47",   278 007,   137 269,   140 738,    207
01061,Kreis,Steinburg,DEF0E,"   1 055,70",   130 706,   64 570,   66 136,    124
01062,Kreis,Stormarn,DEF0F,"    766,22",   244 989,   119 730,   125 259,    320
02000,Kreisfreie Stadt,"Hamburg, Freie und Hansestadt",DE600,"    755,09",  1 852 478,   906 933,   945 545,   2 453
03101,Kreisfreie Stadt,"Braunschweig, Stadt",DE911,"    192,70",   248 561,   123 229,   125 332,   1 290
03102,Kreisfreie Stadt,"Salzgitter, Stadt",DE912,"    224,49",   103 866,   51 606,   52 260,    463
03103,Kreisfreie Stadt,"Wolfsburg, Stadt",DE913,"    204,61",   123 840,   61 654,   62 186,    605
03151,Landkreis,Gifhorn,DE914,"   1 567,57",   177 227,   88 590,   88 637,    113
03153,Landkreis,Goslar,DE916,"    966,72",   134 688,   66 826,   67 862,    139
03154,Landkreis,Helmstedt,DE917,"    676,13",   91 518,   45 394,   46 124,    135
03155,Landkreis,Northeim,DE918,"   1 268,76",   131 772,   64 988,   66 784,    104
03157,Landkreis,Peine,DE91A,"    536,50",   135 844,   67 280,   68 564,    253
03158,Landkreis,Wolfenbüttel,DE91B,"    724,32",   119 361,   59 102,   60 259,    165
03159,Landkreis,Göttingen,DE91C,"   1 755,41",   323 900,   158 991,   164 909,    185
03241,Landkreis,Region Hannover,DE929,"   2 297,12",  1 155 330,   565 498,   589 832,    503
03251,Landkreis,Diepholz,DE922,"   1 991,00",   218 072,   108 453,   109 619,    110
03252,Landkreis,Hameln-Pyrmont,DE923,"    797,54",   148 580,   71 881,   76 699,    186
03254,Landkreis,Hildesheim,DE925,"   1 208,34",   275 464,   134 529,   140 935,    228
03255,Landkreis,Holzminden,DE926,"    694,27",   70 207,   34 811,   35 396,    101
03256,Landkreis,Nienburg (Weser),DE927,"   1 400,82",   121 645,   60 325,   61 320,    87
03257,Landkreis,Schaumburg,DE928,"    675,68",   158 406,   77 748,   80 658,    234
03241,Landkreis,Region Hannover,DE929,"   2 297,12",  1 155 330,   565 498,   589 832,    503
03251,Landkreis,Diepholz,DE922,"   1 991,00",   218 072,   108 453,   109 619,    110
03252,Landkreis,Hameln-Pyrmont,DE923,"    797,54",   148 580,   71 881,   76 699,    186
03254,Landkreis,Hildesheim,DE925,"   1 208,34",   275 464,   134 529,   140 935,    228
03255,Landkreis,Holzminden,DE926,"    694,27",   70 207,   34 811,   35 396,    101
03256,Landkreis,Nienburg (Weser),DE927,"   1 400,82",   121 645,   60 325,   61 320,    87
03257,Landkreis,Schaumburg,DE928,"    675,68",   158 406,   77 748,   80 658,    234
03351,Landkreis,Celle,DE931,"   1 550,83",   179 386,   88 220,   91 166,    116
03352,Landkreis,Cuxhaven,DE932,"   2 058,96",   198 826,   97 159,   101 667,    97
03353,Landkreis,Harburg,DE933,"   1 248,45",   256 016,   125 995,   130 021,    205
03354,Landkreis,Lüchow-Dannenberg,DE934,"   1 227,33",   48 503,   23 791,   24 712,    40
03355,Landkreis,Lüneburg,DE935,"   1 327,80",   184 235,   89 914,   94 321,    139
03356,Landkreis,Osterholz,DE936,"    652,67",   114 640,   56 217,   58 423,    176
03357,Landkreis,Rotenburg (Wümme),DE937,"   2 074,78",   164 486,   82 542,   81 944,    79
03358,Landkreis,Heidekreis,DE938,"   1 881,46",   140 885,   70 403,   70 482,    75
03359,Landkreis,Stade,DE939,"   1 267,38",   205 357,   102 187,   103 170,    162
03360,Landkreis,Uelzen,DE93A,"   1 462,59",   92 566,   45 215,   47 351,    63
03361,Landkreis,Verden,DE93B,"    789,33",   137 574,   67 584,   69 990,    174
03401,Kreisfreie Stadt,"Delmenhorst, Stadt",DE941,"    62,45",   77 503,   38 272,   39 231,   1 241
03402,Kreisfreie Stadt,"Emden, Stadt",DE942,"    112,34",   49 874,   24 869,   25 005,    444
03403,Kreisfreie Stadt,"Oldenburg (Oldenburg), Stadt",DE943,"    103,09",   169 605,   81 362,   88 243,   1 645
03404,Kreisfreie Stadt,"Osnabrück, Stadt",DE944,"    119,80",   164 223,   79 475,   84 748,   1 371
03405,Kreisfreie Stadt,"Wilhelmshaven, Stadt",DE945,"    107,07",   75 189,   36 914,   38 275,    702
03451,Landkreis,Ammerland,DE946,"    730,64",   125 643,   61 253,   64 390,    172
03452,Landkreis,Aurich,DE947,"   1 287,36",   190 178,   93 479,   96 699,    148
03453,Landkreis,Cloppenburg,DE948,"   1 420,34",   172 632,   87 408,   85 224,    122
03454,Landkreis,Emsland,DE949,"   2 883,66",   328 930,   166 929,   162 001,    114
03455,Landkreis,Friesland,DE94A,"    609,53",   98 971,   48 233,   50 738,    162
03456,Landkreis,Grafschaft Bentheim,DE94B,"    981,79",   137 891,   69 038,   68 853,    140
03457,Landkreis,Leer,DE94C,"   1 085,72",   171 483,   85 430,   86 053,    158
03458,Landkreis,Oldenburg,DE94D,"   1 064,83",   131 467,   65 231,   66 236,    123
03459,Landkreis,Osnabrück,DE94E,"   2 121,81",   359 471,   178 390,   181 081,    169
03460,Landkreis,Vechta,DE94F,"    814,21",   143 698,   72 588,   71 110,    176
03461,Landkreis,Wesermarsch,DE94G,"    824,78",   88 524,   44 329,   44 195,    107
03462,Landkreis,Wittmund,DE94H,"    656,86",   57 384,   28 124,   29 260,    87
04011,Kreisfreie Stadt,"Bremen, Stadt",DE501,"    318,21",   566 573,   279 841,   286 732,   1 781
04012,Kreisfreie Stadt,"Bremerhaven, Stadt",DE502,"    101,41",   113 557,   56 549,   57 008,   1 120
05111,Kreisfreie Stadt,"Düsseldorf, Stadt",DEA11,"    217,41",   620 523,   299 975,   320 548,   2 854
05112,Kreisfreie Stadt,"Duisburg, Stadt",DEA12,"    232,80",   495 885,   245 244,   250 641,   2 130
05113,Kreisfreie Stadt,"Essen, Stadt",DEA13,"    210,34",   582 415,   283 169,   299 246,   2 769
05114,Kreisfreie Stadt,"Krefeld, Stadt",DEA14,"    137,78",   226 844,   110 704,   116 140,   1 646
05116,Kreisfreie Stadt,"Mönchengladbach, Stadt",DEA15,"    170,47",   259 665,   127 911,   131 754,   1 523
05117,Kreisfreie Stadt,"Mülheim an der Ruhr, Stadt",DEA16,"    91,28",   170 921,   82 409,   88 512,   1 872
05119,Kreisfreie Stadt,"Oberhausen, Stadt",DEA17,"    77,09",   209 566,   102 819,   106 747,   2 718
05120,Kreisfreie Stadt,"Remscheid, Stadt",DEA18,"    74,52",   111 516,   55 161,   56 355,   1 496
05122,Kreisfreie Stadt,"Solingen, Klingenstadt",DEA19,"    89,54",   159 193,   77 284,   81 909,   1 778
05124,Kreisfreie Stadt,"Wuppertal, Stadt",DEA1A,"    168,39",   355 004,   174 191,   180 813,   2 108
05154,Kreis,Kleve,DEA1B,"   1 232,99",   313 586,   156 201,   157 385,    254
05158,Kreis,Mettmann,DEA1C,"    407,22",   484 322,   233 949,   250 373,   1 189
05162,Kreis,Rhein-Kreis Neuss,DEA1D,"    576,44",   452 001,   219 655,   232 346,    784
05166,Kreis,Viersen,DEA1E,"    563,28",   298 536,   145 652,   152 884,    530
05170,Kreis,Wesel,DEA1F,"   1 042,80",   460 113,   223 910,   236 203,    441
05314,Kreisfreie Stadt,"Bonn, Stadt",DEA22,"    141,06",   330 579,   158 190,   172 389,   2 344
05315,Kreisfreie Stadt,"Köln, Stadt",DEA23,"    405,01",  1 083 498,   528 075,   555 423,   2 675
05316,Kreisfreie Stadt,"Leverkusen, Stadt",DEA24,"    78,87",   163 905,   79 839,   84 066,   2 078
05334,Kreis,Städteregion Aachen,DEA2D,"    706,91",   556 631,   281 103,   275 528,    787
05358,Kreis,Düren,DEA26,"    941,49",   265 140,   131 459,   133 681,    282
05362,Kreis,Rhein-Erft-Kreis,DEA27,"    704,71",   469 611,   228 942,   240 669,    666
05366,Kreis,Euskirchen,DEA28,"   1 248,73",   194 359,   95 938,   98 421,    156
05370,Kreis,Heinsberg,DEA29,"    627,91",   256 458,   126 923,   129 535,    408
05374,Kreis,Oberbergischer Kreis,DEA2A,"    918,85",   271 699,   133 601,   138 098,    296
05378,Kreis,Rheinisch-Bergischer Kreis,DEA2B,"    437,32",   283 275,   137 257,   146 018,    648
05382,Kreis,Rhein-Sieg-Kreis,DEA2C,"   1 153,21",   600 375,   294 058,   306 317,    521
05512,Kreisfreie Stadt,"Bottrop, Stadt",DEA31,"    100,62",   117 388,   57 122,   60 266,   1 167
05513,Kreisfreie Stadt,"Gelsenkirchen, Stadt",DEA32,"    104,94",   259 105,   128 800,   130 305,   2 469
05515,Kreisfreie Stadt,"Münster, Stadt",DEA33,"    303,28",   316 403,   152 025,   164 378,   1 043
05554,Kreis,Borken,DEA34,"   1 420,98",   371 898,   185 800,   186 098,    262
05558,Kreis,Coesfeld,DEA35,"   1 112,04",   220 712,   108 863,   111 849,    198
05562,Kreis,Recklinghausen,DEA36,"    761,31",   613 599,   299 053,   314 546,    806
05566,Kreis,Steinfurt,DEA37,"   1 795,75",   448 197,   222 884,   225 313,    250
05570,Kreis,Warendorf,DEA38,"   1 319,42",   277 417,   136 924,   140 493,    210
05711,Kreisfreie Stadt,"Bielefeld, Stadt",DEA41,"    258,83",   333 509,   160 802,   172 707,   1 289
05754,Kreis,Gütersloh,DEA42,"    969,21",   364 818,   181 947,   182 871,    376
05758,Kreis,Herford,DEA43,"    450,40",   250 547,   123 181,   127 366,    556
05762,Kreis,Höxter,DEA44,"   1 201,42",   139 729,   69 556,   70 173,    116
05766,Kreis,Lippe,DEA45,"   1 246,21",   346 970,   170 224,   176 746,    278
05770,Kreis,Minden-Lübbecke,DEA46,"   1 152,41",   310 270,   153 264,   157 006,    269
05774,Kreis,Paderborn,DEA47,"   1 246,80",   308 335,   154 388,   153 947,    247
05911,Kreisfreie Stadt,"Bochum, Stadt",DEA51,"    145,66",   364 454,   177 829,   186 625,   2 502
05913,Kreisfreie Stadt,"Dortmund, Stadt",DEA52,"    280,71",   587 696,   289 096,   298 600,   2 094
05914,Kreisfreie Stadt,"Hagen, Stadt der FernUniversität",DEA53,"    160,45",   188 687,   92 235,   96 452,   1 176
05915,Kreisfreie Stadt,"Hamm, Stadt",DEA54,"    226,43",   178 967,   88 085,   90 882,    790
05916,Kreisfreie Stadt,"Herne, Stadt",DEA55,"    51,42",   156 940,   77 058,   79 882,   3 052
05954,Kreis,Ennepe-Ruhr-Kreis,DEA56,"    409,64",   323 130,   156 848,   166 282,    789
05958,Kreis,Hochsauerlandkreis,DEA57,"   1 960,17",   259 030,   129 379,   129 651,    132
05962,Kreis,Märkischer Kreis,DEA58,"   1 061,09",   408 662,   201 181,   207 481,    385
05966,Kreis,Olpe,DEA59,"    712,11",   133 362,   66 810,   66 552,    187
05970,Kreis,Siegen-Wittgenstein,DEA5A,"   1 132,89",   275 491,   136 747,   138 744,    243
05974,Kreis,Soest,DEA5B,"   1 328,63",   301 016,   149 419,   151 597,    227
05978,Kreis,Unna,DEA5C,"    543,21",   393 618,   191 749,   201 869,    725
06411,Kreisfreie Stadt,"Darmstadt, Wissenschaftsstadt",DE711,"    122,07",   159 174,   81 048,   78 126,   1 304
06412,Kreisfreie Stadt,"Frankfurt am Main, Stadt",DE712,"    248,31",   764 104,   377 199,   386 905,   3 077
06413,Kreisfreie Stadt,"Offenbach am Main, Stadt",DE713,"    44,88",   130 892,   65 063,   65 829,   2 916
06414,Kreisfreie Stadt,"Wiesbaden, Landeshauptstadt",DE714,"    203,87",   278 609,   133 265,   145 344,   1 367
06431,Landkreis,Bergstraße,DE715,"    719,47",   271 015,   134 047,   136 968,    377
06432,Landkreis,Darmstadt-Dieburg,DE716,"    658,64",   297 701,   147 765,   149 936,    452
06433,Landkreis,Groß-Gerau,DE717,"    453,03",   275 807,   138 154,   137 653,    609
06434,Landkreis,Hochtaunuskreis,DE718,"    481,84",   237 281,   115 161,   122 120,    492
06435,Landkreis,Main-Kinzig-Kreis,DE719,"   1 397,32",   421 689,   207 943,   213 746,    302
06436,Landkreis,Main-Taunus-Kreis,DE71A,"    222,53",   239 264,   117 253,   122 011,   1 075
06437,Landkreis,Odenwaldkreis,DE71B,"    623,97",   96 754,   47 806,   48 948,    155
06438,Landkreis,Offenbach,DE71C,"    356,24",   356 542,   175 634,   180 908,   1 001
06439,Landkreis,Rheingau-Taunus-Kreis,DE71D,"    811,41",   187 433,   92 092,   95 341,    231
06440,Landkreis,Wetteraukreis,DE71E,"   1 100,66",   310 353,   153 604,   156 749,    282
06531,Landkreis,Gießen,DE721,"    854,56",   271 667,   134 060,   137 607,    318
06532,Landkreis,Lahn-Dill-Kreis,DE722,"   1 066,30",   253 373,   124 944,   128 429,    238
06533,Landkreis,Limburg-Weilburg,DE723,"    738,44",   172 291,   85 533,   86 758,    233
06534,Landkreis,Marburg-Biedenkopf,DE724,"   1 262,37",   245 903,   121 031,   124 872,    195
06535,Landkreis,Vogelsbergkreis,DE725,"   1 458,91",   105 506,   52 728,   52 778,    72
06611,Kreisfreie Stadt,"Kassel, documenta-Stadt",DE731,"    106,80",   201 048,   98 897,   102 151,   1 882
06631,Landkreis,Fulda,DE732,"   1 380,41",   223 023,   110 769,   112 254,    162
06632,Landkreis,Hersfeld-Rotenburg,DE733,"   1 097,75",   120 304,   60 363,   59 941,    110
06633,Landkreis,Kassel,DE734,"   1 293,30",   237 007,   116 369,   120 638,    183
06634,Landkreis,Schwalm-Eder-Kreis,DE735,"   1 539,01",   179 840,   90 114,   89 726,    117
06635,Landkreis,Waldeck-Frankenberg,DE736,"   1 848,70",   156 528,   77 946,   78 582,    85
06636,Landkreis,Werra-Meißner-Kreis,DE737,"   1 024,83",   100 046,   49 620,   50 426,    98
07111,Kreisfreie Stadt,"Koblenz, kreisfreie Stadt",DEB11,"    105,25",   113 388,   55 537,   57 851,   1 077
07131,Landkreis,Ahrweiler,DEB12,"    787,02",   130 479,   64 344,   66 135,    166
07132,Landkreis,Altenkirchen (Westerwald),DEB13,"    642,38",   129 087,   63 943,   65 144,    201
07133,Landkreis,Bad Kreuznach,DEB14,"    863,89",   158 746,   77 549,   81 197,    184
07134,Landkreis,Birkenfeld,DEB15,"    776,83",   80 830,   40 087,   40 743,    104
07135,Landkreis,Cochem-Zell,DEB1C,"    692,43",   61 578,   30 858,   30 720,    89
07137,Landkreis,Mayen-Koblenz,DEB17,"    817,73",   214 786,   106 162,   108 624,    263
07138,Landkreis,Neuwied,DEB18,"    627,06",   183 131,   90 251,   92 880,    292
07140,Landkreis,Rhein-Hunsrück-Kreis,DEB1D,"    991,06",   103 401,   51 432,   51 969,    104
07141,Landkreis,Rhein-Lahn-Kreis,DEB1A,"    782,24",   122 574,   60 684,   61 890,    157
07143,Landkreis,Westerwaldkreis,DEB1B,"    989,04",   202 830,   100 629,   102 201,    205
07211,Kreisfreie Stadt,"Trier, kreisfreie Stadt",DEB21,"    117,06",   110 674,   54 665,   56 009,    945
07231,Landkreis,Bernkastel-Wittlich,DEB22,"   1 167,92",   112 685,   56 422,   56 263,    96
07232,Landkreis,Eifelkreis Bitburg-Prüm,DEB23,"   1 626,95",   100 055,   50 484,   49 571,    61
07233,Landkreis,Vulkaneifel,DEB24,"    911,64",   60 491,   30 283,   30 208,    66
07235,Landkreis,Trier-Saarburg,DEB25,"   1 102,26",   150 533,   74 581,   75 952,    137
07311,Kreisfreie Stadt,"Frankenthal (Pfalz), kreisfreie Stadt",DEB31,"    43,88",   48 750,   23 745,   25 005,   1 111
07312,Kreisfreie Stadt,"Kaiserslautern, kreisfreie Stadt",DEB32,"    139,70",   99 662,   50 286,   49 376,    713
07313,Kreisfreie Stadt,"Landau in der Pfalz, kreisfreie Stadt",DEB33,"    82,94",   46 685,   22 225,   24 460,    563
07314,Kreisfreie Stadt,"Ludwigshafen am Rhein, kreisfreie Stadt",DEB34,"    77,43",   172 557,   86 670,   85 887,   2 229
07315,Kreisfreie Stadt,"Mainz, kreisfreie Stadt",DEB35,"    97,73",   217 123,   105 835,   111 288,   2 222
07316,Kreisfreie Stadt,"Neustadt an der Weinstraße, kreisfreie Stadt",DEB36,"    117,09",   53 306,   25 994,   27 312,    455
07317,Kreisfreie Stadt,"Pirmasens, kreisfreie Stadt",DEB37,"    61,35",   40 176,   19 694,   20 482,    655
07318,Kreisfreie Stadt,"Speyer, kreisfreie Stadt",DEB38,"    42,71",   50 741,   24 685,   26 056,   1 188
07319,Kreisfreie Stadt,"Worms, kreisfreie Stadt",DEB39,"    108,73",   83 459,   41 298,   42 161,    768
07320,Kreisfreie Stadt,"Zweibrücken, kreisfreie Stadt",DEB3A,"    70,64",   34 001,   16 840,   17 161,    481
07331,Landkreis,Alzey-Worms,DEB3B,"    588,07",   130 715,   64 964,   65 751,    222
07332,Landkreis,Bad Dürkheim,DEB3C,"    594,64",   133 004,   65 103,   67 901,    224
07333,Landkreis,Donnersbergkreis,DEB3D,"    645,41",   75 539,   37 417,   38 122,    117
07334,Landkreis,Germersheim,DEB3E,"    463,32",   129 006,   64 237,   64 769,    278
07335,Landkreis,Kaiserslautern,DEB3F,"    640,00",   106 320,   52 252,   54 068,    166
07336,Landkreis,Kusel,DEB3G,"    573,61",   70 105,   34 821,   35 284,    122
07337,Landkreis,Südliche Weinstraße,DEB3H,"    639,93",   110 783,   54 600,   56 183,    173
07338,Landkreis,Rhein-Pfalz-Kreis,DEB3I,"    304,99",   154 754,   76 338,   78 416,    507
07339,Landkreis,Mainz-Bingen,DEB3J,"    605,36",   211 525,   104 352,   107 173,    349
07340,Landkreis,Südwestpfalz,DEB3K,"    953,53",   94 912,   46 838,   48 074,    100
08111,Stadtkreis,"Stuttgart, Stadtkreis",DE111,"    207,32",   630 305,   314 721,   315 584,   3 040
08115,Landkreis,Böblingen,DE112,"    617,76",   392 898,   195 361,   197 537,    636
08116,Landkreis,Esslingen,DE113,"    641,28",   533 617,   266 492,   267 125,    832
08117,Landkreis,Göppingen,DE114,"    642,34",   258 781,   129 002,   129 779,    403
08118,Landkreis,Ludwigsburg,DE115,"    686,77",   544 971,   270 496,   274 475,    794
08119,Landkreis,Rems-Murr-Kreis,DE116,"    858,08",   427 286,   211 269,   216 017,    498
08121,Stadtkreis,"Heilbronn, Stadtkreis",DE117,"    99,90",   126 458,   63 756,   62 702,   1 266
08125,Landkreis,Heilbronn,DE118,"   1 099,91",   346 363,   173 850,   172 513,    315
08126,Landkreis,Hohenlohekreis,DE119,"    776,76",   112 765,   56 886,   55 879,    145
08127,Landkreis,Schwäbisch Hall,DE11A,"   1 484,07",   197 860,   99 297,   98 563,    133
08128,Landkreis,Main-Tauber-Kreis,DE11B,"   1 304,12",   132 684,   66 226,   66 458,    102
08135,Landkreis,Heidenheim,DE11C,"    627,14",   132 812,   66 132,   66 680,    212
08136,Landkreis,Ostalbkreis,DE11D,"   1 511,39",   314 294,   156 574,   157 720,    208
08211,Stadtkreis,"Baden-Baden, Stadtkreis",DE121,"    140,19",   55 449,   26 664,   28 785,    396
08212,Stadtkreis,"Karlsruhe, Stadtkreis",DE122,"    173,42",   308 436,   157 729,   150 707,   1 779
08215,Landkreis,Karlsruhe,DE123,"   1 084,98",   446 852,   222 525,   224 327,    412
08216,Landkreis,Rastatt,DE124,"    738,43",   232 091,   115 311,   116 780,    314
08221,Stadtkreis,"Heidelberg, Stadtkreis",DE125,"    108,83",   158 741,   76 264,   82 477,   1 459
08222,Stadtkreis,"Mannheim, Stadtkreis",DE126,"    144,97",   309 721,   154 262,   155 459,   2 136
08225,Landkreis,Neckar-Odenwald-Kreis,DE127,"   1 125,95",   143 797,   72 251,   71 546,    128
08226,Landkreis,Rhein-Neckar-Kreis,DE128,"   1 061,55",   548 233,   269 639,   278 594,    516
08231,Stadtkreis,"Pforzheim, Stadtkreis",DE129,"    97,99",   126 016,   62 075,   63 941,   1 286
08235,Landkreis,Calw,DE12A,"    797,29",   160 149,   80 330,   79 819,    201
08236,Landkreis,Enzkreis,DE12B,"    573,60",   199 752,   99 079,   100 673,    348
08237,Landkreis,Freudenstadt,DE12C,"    870,40",   118 364,   59 172,   59 192,    136
08311,Stadtkreis,"Freiburg im Breisgau, Stadtkreis",DE131,"    153,04",   230 940,   110 242,   120 698,   1 509
08315,Landkreis,Breisgau-Hochschwarzwald,DE132,"   1 378,32",   264 867,   130 620,   134 247,    192
08316,Landkreis,Emmendingen,DE133,"    679,80",   166 862,   82 600,   84 262,    245
08317,Landkreis,Ortenaukreis,DE134,"   1 860,29",   432 580,   215 894,   216 686,    233
08325,Landkreis,Rottweil,DE135,"    769,42",   140 166,   70 101,   70 065,    182
08326,Landkreis,Schwarzwald-Baar-Kreis,DE136,"   1 025,34",   212 872,   105 493,   107 379,    208
08327,Landkreis,Tuttlingen,DE137,"    734,38",   141 682,   71 329,   70 353,    193
08335,Landkreis,Konstanz,DE138,"    817,98",   286 876,   139 527,   147 349,    351
08336,Landkreis,Lörrach,DE139,"    806,66",   228 842,   112 270,   116 572,    284
08337,Landkreis,Waldshut,DE13A,"   1 131,12",   171 237,   84 980,   86 257,    151
08415,Landkreis,Reutlingen,DE141,"   1 092,48",   287 497,   142 572,   144 925,    263
08416,Landkreis,Tübingen,DE142,"    519,11",   228 471,   111 380,   117 091,    440
08417,Landkreis,Zollernalbkreis,DE143,"    917,58",   189 862,   94 179,   95 683,    207
08421,Stadtkreis,"Ulm, Stadtkreis",DE144,"    118,68",   126 405,   62 745,   63 660,   1 065
08425,Landkreis,Alb-Donau-Kreis,DE145,"   1 358,54",   198 204,   99 998,   98 206,    146
08426,Landkreis,Biberach,DE146,"   1 409,52",   202 250,   101 831,   100 419,    143
08435,Landkreis,Bodenseekreis,DE147,"    664,77",   217 901,   107 350,   110 551,    328
08436,Landkreis,Ravensburg,DE148,"   1 632,08",   285 888,   142 446,   143 442,    175
08437,Landkreis,Sigmaringen,DE149,"   1 204,23",   130 946,   65 716,   65 230,    109
09161,Kreisfreie Stadt,Ingolstadt,DE211,"    133,35",   136 952,   69 201,   67 751,   1 027
09162,Kreisfreie Stadt,"München, Landeshauptstadt",DE212,"    310,70",  1 488 202,   725 905,   762 297,   4 790
09163,Kreisfreie Stadt,Rosenheim,DE213,"    37,22",   63 591,   31 473,   32 118,   1 709
09171,Landkreis,Altötting,DE214,"    569,28",   111 654,   55 249,   56 405,    196
09172,Landkreis,Berchtesgadener Land,DE215,"    839,82",   106 327,   52 320,   54 007,    127
09173,Landkreis,Bad Tölz-Wolfratshausen,DE216,"   1 110,67",   128 212,   63 310,   64 902,    115
09174,Landkreis,Dachau,DE217,"    579,16",   155 117,   77 459,   77 658,    268
09175,Landkreis,Ebersberg,DE218,"    549,39",   144 091,   72 048,   72 043,    262
09176,Landkreis,Eichstätt,DE219,"   1 213,85",   133 169,   67 473,   65 696,    110
09177,Landkreis,Erding,DE21A,"    870,74",   138 891,   69 944,   68 947,    160
09178,Landkreis,Freising,DE21B,"    799,85",   180 313,   92 157,   88 156,    225
09179,Landkreis,Fürstenfeldbruck,DE21C,"    434,80",   218 740,   107 436,   111 304,    503
09180,Landkreis,Garmisch-Partenkirchen,DE21D,"   1 012,17",   88 279,   42 776,   45 503,    87
09181,Landkreis,Landsberg am Lech,DE21E,"    804,36",   121 019,   60 383,   60 636,    150
09182,Landkreis,Miesbach,DE21F,"    866,21",   100 183,   48 994,   51 189,    116
09183,Landkreis,Mühldorf a.Inn,DE21G,"    805,33",   116 483,   58 854,   57 629,    145
09184,Landkreis,München,DE21H,"    664,25",   349 685,   173 797,   175 888,    526
09185,Landkreis,Neuburg-Schrobenhausen,DE21I,"    739,71",   97 730,   49 112,   48 618,    132
09186,Landkreis,Pfaffenhofen a.d.Ilm,DE21J,"    761,05",   129 128,   65 488,   63 640,    170
09187,Landkreis,Rosenheim,DE21K,"   1 439,44",   261 721,   129 514,   132 207,    182
09188,Landkreis,Starnberg,DE21L,"    487,71",   136 610,   66 157,   70 453,    280
09189,Landkreis,Traunstein,DE21M,"   1 533,76",   177 485,   87 601,   89 884,    116
09190,Landkreis,Weilheim-Schongau,DE21N,"    966,28",   136 134,   67 518,   68 616,    141
09261,Kreisfreie Stadt,Landshut,DE221,"    65,83",   73 065,   35 671,   37 394,   1 110
09262,Kreisfreie Stadt,Passau,DE222,"    69,56",   52 415,   25 486,   26 929,    754
09263,Kreisfreie Stadt,Straubing,DE223,"    67,59",   47 612,   23 960,   23 652,    704
09271,Landkreis,Deggendorf,DE224,"    861,17",   119 479,   59 782,   59 697,    139
09272,Landkreis,Freyung-Grafenau,DE225,"    983,85",   78 355,   39 075,   39 280,    80
09273,Landkreis,Kelheim,DE226,"   1 065,13",   123 390,   62 439,   60 951,    116
09274,Landkreis,Landshut,DE227,"   1 347,55",   161 191,   81 519,   79 672,    120
09275,Landkreis,Passau,DE228,"   1 530,09",   193 454,   96 000,   97 454,    126
09276,Landkreis,Regen,DE229,"    974,78",   77 313,   38 543,   38 770,    79
09277,Landkreis,Rottal-Inn,DE22A,"   1 281,20",   121 800,   61 011,   60 789,    95
09278,Landkreis,Straubing-Bogen,DE22B,"   1 201,61",   101 745,   51 034,   50 711,    85
09279,Landkreis,Dingolfing-Landau,DE22C,"    877,58",   97 244,   49 742,   47 502,    111
09361,Kreisfreie Stadt,Amberg,DE231,"    50,13",   42 052,   20 757,   21 295,    839
09362,Kreisfreie Stadt,Regensburg,DE232,"    80,86",   152 270,   74 011,   78 259,   1 883
09363,Kreisfreie Stadt,Weiden i.d.OPf.,DE233,"    70,57",   42 535,   20 584,   21 951,    603
09371,Landkreis,Amberg-Sulzbach,DE234,"   1 255,86",   102 998,   51 640,   51 358,    82
09372,Landkreis,Cham,DE235,"   1 526,82",   128 094,   64 292,   63 802,    84
09373,Landkreis,Neumarkt i.d.OPf.,DE236,"   1 343,96",   135 225,   68 357,   66 868,    101
09374,Landkreis,Neustadt a.d.Waldnaab,DE237,"   1 427,69",   94 645,   47 124,   47 521,    66
09375,Landkreis,Regensburg,DE238,"   1 391,65",   194 275,   97 228,   97 047,    140
09376,Landkreis,Schwandorf,DE239,"   1 458,34",   148 477,   74 622,   73 855,    102
09377,Landkreis,Tirschenreuth,DE23A,"   1 084,25",   71 696,   35 712,   35 984,    66
09461,Kreisfreie Stadt,Bamberg,DE241,"    54,62",   76 674,   37 065,   39 609,   1 404
09462,Kreisfreie Stadt,Bayreuth,DE242,"    66,89",   74 048,   36 200,   37 848,   1 107
09463,Kreisfreie Stadt,Coburg,DE243,"    48,29",   40 842,   19 883,   20 959,    846
09464,Kreisfreie Stadt,Hof,DE244,"    58,02",   45 173,   21 757,   23 416,    779
09471,Landkreis,Bamberg,DE245,"   1 167,79",   147 497,   73 872,   73 625,    126
09472,Landkreis,Bayreuth,DE246,"   1 273,62",   103 679,   51 385,   52 294,    81
09473,Landkreis,Coburg,DE247,"    590,42",   86 571,   42 744,   43 827,    147
09474,Landkreis,Forchheim,DE248,"    642,82",   116 600,   57 924,   58 676,    181
09475,Landkreis,Hof,DE249,"    892,52",   94 522,   46 316,   48 206,    106
09476,Landkreis,Kronach,DE24A,"    651,49",   66 355,   32 789,   33 566,    102
09477,Landkreis,Kulmbach,DE24B,"    658,33",   71 428,   35 174,   36 254,    108
09478,Landkreis,Lichtenfels,DE24C,"    519,94",   66 722,   32 949,   33 773,    128
09479,Landkreis,Wunsiedel i.Fichtelgebirge,DE24D,"    606,37",   71 974,   35 198,   36 776,    119
09561,Kreisfreie Stadt,Ansbach,DE251,"    99,91",   41 681,   19 999,   21 682,    417
09562,Kreisfreie Stadt,Erlangen,DE252,"    76,96",   112 385,   55 944,   56 441,   1 460
09563,Kreisfreie Stadt,Fürth,DE253,"    63,35",   128 223,   62 837,   65 386,   2 024
09564,Kreisfreie Stadt,Nürnberg,DE254,"    186,44",   515 543,   251 839,   263 704,   2 765
09565,Kreisfreie Stadt,Schwabach,DE255,"    40,80",   41 056,   20 173,   20 883,   1 006
09571,Landkreis,Ansbach,DE256,"   1 971,32",   185 316,   93 084,   92 232,    94
09572,Landkreis,Erlangen-Höchstadt,DE257,"    564,55",   138 105,   68 554,   69 551,    245
09573,Landkreis,Fürth,DE258,"    307,44",   118 695,   57 692,   61 003,    386
09574,Landkreis,Nürnberger Land,DE259,"    799,52",   171 143,   84 222,   86 921,    214
09575,Landkreis,Neustadt a.d.Aisch-Bad Windsheim,DE25A,"   1 267,45",   101 272,   50 756,   50 516,    80
09576,Landkreis,Roth,DE25B,"    895,16",   127 168,   63 132,   64 036,    142
09577,Landkreis,Weißenburg-Gunzenhausen,DE25C,"    970,78",   95 117,   47 488,   47 629,    98
09661,Kreisfreie Stadt,Aschaffenburg,DE261,"    62,45",   70 858,   34 529,   36 329,   1 135
09662,Kreisfreie Stadt,Schweinfurt,DE262,"    35,70",   53 319,   26 185,   27 134,   1 494
09663,Kreisfreie Stadt,Würzburg,DE263,"    87,60",   126 954,   60 725,   66 229,   1 449
09671,Landkreis,Aschaffenburg,DE264,"    698,90",   174 658,   86 742,   87 916,    250
09672,Landkreis,Bad Kissingen,DE265,"   1 136,90",   103 169,   50 819,   52 350,    91
09673,Landkreis,Rhön-Grabfeld,DE266,"   1 021,68",   79 510,   39 523,   39 987,    78
09674,Landkreis,Haßberge,DE267,"    956,19",   84 275,   42 273,   42 002,    88
09675,Landkreis,Kitzingen,DE268,"    684,14",   91 696,   46 040,   45 656,    134
09676,Landkreis,Miltenberg,DE269,"    715,58",   128 743,   64 038,   64 705,    180
09677,Landkreis,Main-Spessart,DE26A,"   1 321,20",   125 976,   62 763,   63 213,    95
09678,Landkreis,Schweinfurt,DE26B,"    841,39",   115 652,   58 087,   57 565,    137
09679,Landkreis,Würzburg,DE26C,"    968,35",   162 697,   80 908,   81 789,    168
09761,Kreisfreie Stadt,Augsburg,DE271,"    146,85",   295 830,   145 786,   150 044,   2 015
09762,Kreisfreie Stadt,Kaufbeuren,DE272,"    40,02",   44 662,   22 005,   22 657,   1 116
09763,Kreisfreie Stadt,Kempten (Allgäu),DE273,"    63,28",   68 940,   34 140,   34 800,   1 089
09764,Kreisfreie Stadt,Memmingen,DE274,"    70,11",   44 360,   21 996,   22 364,    633
09771,Landkreis,Aichach-Friedberg,DE275,"    780,23",   135 024,   67 349,   67 675,    173
09772,Landkreis,Augsburg,DE276,"   1 070,63",   255 900,   126 953,   128 947,    239
09773,Landkreis,Dillingen a.d.Donau,DE277,"    792,23",   97 172,   48 764,   48 408,    123
09774,Landkreis,Günzburg,DE278,"    762,40",   127 342,   64 254,   63 088,    167
09775,Landkreis,Neu-Ulm,DE279,"    515,84",   175 823,   87 031,   88 792,    341
09776,Landkreis,Lindau (Bodensee),DE27A,"    323,39",   82 085,   40 472,   41 613,    254
09777,Landkreis,Ostallgäu,DE27B,"   1 394,43",   141 907,   70 780,   71 127,    102
09778,Landkreis,Unterallgäu,DE27C,"   1 229,57",   146 164,   73 644,   72 520,    119
09779,Landkreis,Donau-Ries,DE27D,"   1 274,57",   134 324,   68 098,   66 226,    105
09780,Landkreis,Oberallgäu,DE27E,"   1 527,96",   156 308,   76 957,   79 351,    102
10041,Regionalverband,Regionalverband Saarbrücken,DEC01,"    410,95",   327 502,   161 076,   166 426,    797
10042,Landkreis,Merzig-Wadern,DEC02,"    556,66",   103 471,   51 096,   52 375,    186
10043,Landkreis,Neunkirchen,DEC03,"    249,80",   131 172,   64 441,   66 731,    525
10044,Landkreis,Saarlouis,DEC04,"    459,35",   193 732,   94 934,   98 798,    422
10045,Landkreis,Saarpfalz-Kreis,DEC05,"    418,28",   141 656,   68 857,   72 799,    339
10046,Landkreis,St. Wendel,DEC06,"    476,07",   86 458,   42 597,   43 861,    182
11000,Kreisfreie Stadt,"Berlin, Stadt",DE300,"    891,12",  3 664 088,  1 802 038,  1 862 050,   4 112
12051,Kreisfreie Stadt,"Brandenburg an der Havel, Stadt",DE401,"    229,72",   72 040,   35 480,   36 560,    314
12052,Kreisfreie Stadt,"Cottbus, Stadt",DE402,"    165,62",   98 693,   48 345,   50 348,    596
12053,Kreisfreie Stadt,"Frankfurt (Oder), Stadt",DE403,"    147,85",   57 015,   27 704,   29 311,    386
12054,Kreisfreie Stadt,"Potsdam, Stadt",DE404,"    188,24",   182 112,   88 122,   93 990,    967
12060,Landkreis,Barnim,DE405,"   1 479,58",   187 343,   92 800,   94 543,    127
12061,Landkreis,Dahme-Spreewald,DE406,"   2 274,50",   173 316,   85 908,   87 408,    76
12062,Landkreis,Elbe-Elster,DE407,"   1 899,20",   101 085,   50 098,   50 987,    53
12063,Landkreis,Havelland,DE408,"   1 727,31",   164 693,   81 382,   83 311,    95
12064,Landkreis,Märkisch-Oderland,DE409,"   2 158,65",   197 195,   97 811,   99 384,    91
12065,Landkreis,Oberhavel,DE40A,"   1 808,18",   214 234,   105 559,   108 675,    118
12066,Landkreis,Oberspreewald-Lausitz,DE40B,"   1 223,48",   108 396,   53 199,   55 197,    89
12067,Landkreis,Oder-Spree,DE40C,"   2 256,75",   179 276,   87 851,   91 425,    79
12068,Landkreis,Ostprignitz-Ruppin,DE40D,"   2 526,48",   98 808,   49 079,   49 729,    39
12069,Landkreis,Potsdam-Mittelmark,DE40E,"   2 592,02",   217 954,   107 877,   110 077,    84
12070,Landkreis,Prignitz,DE40F,"   2 138,54",   76 096,   37 759,   38 337,    36
12071,Landkreis,Spree-Neiße,DE40G,"   1 656,99",   113 011,   55 469,   57 542,    68
12072,Landkreis,Teltow-Fläming,DE40H,"   2 104,21",   171 554,   85 609,   85 945,    82
12073,Landkreis,Uckermark,DE40I,"   3 077,03",   118 250,   57 998,   60 252,    38
13003,Kreisfreie Stadt,Rostock,DE803,"    181,36",   209 061,   102 963,   106 098,   1 153
13004,Kreisfreie Stadt,Schwerin,DE804,"    130,52",   95 609,   45 919,   49 690,    733
13071,Landkreis,Mecklenburgische Seenplatte,DE80J," 5 495,59",  258 057,  126 653,  131 404,   47
13072,Landkreis,Landkreis Rostock,DE80K,"   3 431,26",   217 072,   107 764,   109 308,    63
13073,Landkreis,Vorpommern-Rügen,DE80L,"   3 216,18",   225 383,   110 540,   114 843,    70
13074,Landkreis,Nordwestmecklenburg,DE80M,"   2 127,07",   157 975,   78 524,   79 451,    74
13075,Landkreis,Vorpommern-Greifswald,DE80N,"   3 945,66",   235 773,   115 377,   120 396,    60
13076,Landkreis,Ludwigslust-Parchim,DE80O,"   4 766,80",   211 844,   105 797,   106 047,    44
14511,Kreisfreie Stadt,"Chemnitz, Stadt",DED41,"    221,03",   244 401,   120 959,   123 442,   1 106
14521,Landkreis,Erzgebirgskreis,DED42,"   1 827,94",   331 917,   162 445,   169 472,    182
14522,Landkreis,Mittelsachsen,DED43,"   2 116,86",   301 474,   149 895,   151 579,    142
14523,Landkreis,Vogtlandkreis,DED44,"   1 412,41",   223 905,   109 204,   114 701,    159
14524,Landkreis,Zwickau,DED45,"    949,78",   312 033,   152 268,   159 765,    329
14612,Kreisfreie Stadt,"Dresden, Stadt",DED21,"    328,48",   556 227,   277 060,   279 167,   1 693
14625,Landkreis,Bautzen,DED2C,"   2 395,60",   298 010,   147 223,   150 787,    124
14626,Landkreis,Görlitz,DED2D,"   2 111,41",   250 558,   122 809,   127 749,    119
14627,Landkreis,Meißen,DED2E,"   1 454,59",   240 371,   118 149,   122 222,    165
14628,Landkreis,Sächsische Schweiz-Osterzgebirge,DED2F,"   1 654,19",   244 722,   120 924,   123 798,    148
14713,Kreisfreie Stadt,"Leipzig, Stadt",DED51,"    297,80",   597 493,   293 522,   303 971,   2 006
14729,Landkreis,Leipzig,DED52,"   1 651,27",   258 386,   126 643,   131 743,    156
14730,Landkreis,Nordsachsen,DED53,"   2 028,56",   197 444,   97 925,   99 519,    97
15001,Kreisfreie Stadt,"Dessau-Roßlau, Stadt",DEE01,"    244,79",   79 354,   38 522,   40 832,    324
15002,Kreisfreie Stadt,"Halle (Saale), Stadt",DEE02,"    135,02",   237 865,   115 241,   122 624,   1 762
15003,Kreisfreie Stadt,"Magdeburg, Landeshauptstadt",DEE03,"    201,03",   235 775,   116 273,   119 502,   1 173
15081,Landkreis,Altmarkkreis Salzwedel,DEE04,"   2 294,16",   82 687,   41 220,   41 467,    36
15082,Landkreis,Anhalt-Bitterfeld,DEE05,"   1 454,39",   157 217,   77 058,   80 159,    108
15083,Landkreis,Börde,DEE07,"   2 367,14",   170 567,   85 007,   85 560,    72
15084,Landkreis,Burgenlandkreis,DEE08,"   1 413,99",   177 590,   87 919,   89 671,    126
15085,Landkreis,Harz,DEE09,"   2 104,90",   210 975,   103 480,   107 495,    100
15086,Landkreis,Jerichower Land,DEE06,"   1 577,43",   89 403,   44 489,   44 914,    57
15087,Landkreis,Mansfeld-Südharz,DEE0A,"   1 449,00",   133 690,   65 650,   68 040,    92
15088,Landkreis,Saalekreis,DEE0B,"   1 434,04",   183 434,   90 697,   92 737,    128
15089,Landkreis,Salzlandkreis,DEE0C,"   1 427,56",   187 457,   91 513,   95 944,    131
15090,Landkreis,Stendal,DEE0D,"   2 424,00",   110 485,   54 415,   56 070,    46
15091,Landkreis,Wittenberg,DEE0E,"   1 931,67",   124 185,   61 111,   63 074,    64
16051,Kreisfreie Stadt,"Erfurt, Stadt",DEG01,"    269,91",   213 692,   103 940,   109 752,    792
16052,Kreisfreie Stadt,"Gera, Stadt",DEG02,"    152,18",   92 126,   44 474,   47 652,    605
16053,Kreisfreie Stadt,"Jena, Stadt",DEG03,"    114,77",   110 731,   55 374,   55 357,    965
16054,Kreisfreie Stadt,"Suhl, Stadt",DEG04,"    141,62",   36 395,   17 887,   18 508,    257
16055,Kreisfreie Stadt,"Weimar, Stadt",DEG05,"    84,48",   65 098,   31 439,   33 659,    771
16056,Kreisfreie Stadt,"Eisenach, Stadt",DEG0N,"    104,17",   41 970,   20 666,   21 304,    403
16061,Landkreis,Eichsfeld,DEG06,"    943,07",   99 463,   49 830,   49 633,    105
16062,Landkreis,Nordhausen,DEG07,"    713,93",   82 456,   40 960,   41 496,    115
16063,Landkreis,Wartburgkreis,DEG0P,"   1 266,96",   117 967,   59 094,   58 873,    93
16064,Landkreis,Unstrut-Hainich-Kreis,DEG09,"    979,68",   101 698,   50 427,   51 271,    104
16065,Landkreis,Kyffhäuserkreis,DEG0A,"   1 037,91",   73 522,   36 493,   37 029,    71
16066,Landkreis,Schmalkalden-Meiningen,DEG0B,"   1 251,21",   124 241,   62 110,   62 131,    99
16067,Landkreis,Gotha,DEG0C,"    936,08",   134 563,   66 977,   67 586,    144
16068,Landkreis,Sömmerda,DEG0D,"    806,86",   69 107,   34 504,   34 603,    86
16069,Landkreis,Hildburghausen,DEG0E,"    938,42",   62 656,   31 343,   31 313,    67
16070,Landkreis,Ilm-Kreis,DEG0F,"    805,11",   105 606,   52 985,   52 621,    131
16071,Landkreis,Weimarer Land,DEG0G,"    804,48",   82 291,   40 740,   41 551,    102
16072,Landkreis,Sonneberg,DEG0H,"    460,85",   57 044,   28 071,   28 973,    124
16073,Landkreis,Saalfeld-Rudolstadt,DEG0I,"   1 008,79",   102 139,   50 306,   51 833,    101
16074,Landkreis,Saale-Holzland-Kreis,DEG0J,"    815,24",   82 816,   41 139,   41 677,    102
16075,Landkreis,Saale-Orla-Kreis,DEG0K,"   1 151,30",   79 632,   39 579,   40 053,    69
16076,Landkreis,Greiz,DEG0L,"    845,98",   96 668,   47 659,   49 009,    114
16077,Landkreis,Altenburger Land,DEG0M,"    569,39",   88 356,   43 215,   45 141,    155
